SMILES,True_RT,Predicted_RT,Residual
N#CC1=C(C=CC=C1F)OC2=NC=CC=C2C,0.51895547,0.39848587,-0.1204696
CC1=CC=CC=C1OC2=CC=CC(C=O)=N2,0.51895547,0.1778577,-0.34109777
CC1=C(C)C(C2=CC=C3SC=NC3=C2)=CC=C1,1.3654296,1.0789667,-0.2864629
O=C(C1=CN=C(C2=C(ON=C2C)C)C=C1)OC,-0.28296745,-0.77916723,-0.4961998
OCCC#CC1=CC=C2C(NN=C2)=C1,-1.4858518,-1.7554427,-0.26959097
COC1=CC(OC)=CC(OC2=NC(C)=CC=C2)=C1,0.2961991,0.3246836,0.028484493
O=CC1=CC=C(/C=C/C(N(C)C)=O)C(OC)=C1,-0.90668523,-0.8571481,0.049537122
CC(C(Cl)=C1)=CC=C1OC(C=CC(OC)=N2)=C2C,1.9445962,1.3193219,-0.6252743
O=C(C1=CN=C(C2=CC=C(N=C2F)F)C=C1)OC,0.34075037,0.084324755,-0.25642562
CCN(CC)C(C1=CC=CC=C1OC2=CC=C3N=CC=CC3=C2)=O,-0.6839289,-0.69356424,-0.009635329
FC(C=C1)=CC=C1OC2=CN=CC(C(C)=O)=C2,-0.104762346,-0.050807733,0.053954612
CC1=CC(C#CC2=CC=CN=C2)=NC=C1,-1.3076466,-1.128225,0.17942166
C1(C2=CC3=C(C=C2)SC=N3)=C4C=CC=CC4=CC=C1,1.3654296,1.5510739,0.18564427
O=C(C1=CC=CC=C1OCC2=CC=CC=C2)OCCC(C=C3)=NC=C3CC,-0.015659804,0.57417136,0.5898312
CC(C)(C#CC(C=C1)=NN=C1C)O,-1.9759158,-1.9824897,-0.0065739155
C1(C#CC2=NC=CC=C2)=CC=CC=C1,-0.14931361,-0.26832584,-0.11901222
BrC1=CC=C(C=C2)C(C=C2OC(C=C3)=NC=C3C)=C1,1.3654296,1.4039668,0.038537145
Cc1cc(Oc2ccccn2)cc(C)c1C#N,0.5635067,0.22583923,-0.3376675
O=C(OC1=CC=CC(C)=C1)C2=CC=NC=C2Cl,0.69716054,0.38415113,-0.3130094
COC(C1=CC=C(C2=C(C)ON=C2C)C(C)=C1)=O,0.51895547,0.089988016,-0.42896745
O=C(OC)C1=CC(C2=CC=C(F)C(C)=C2)=CN=C1,0.6526093,0.74001473,0.08740544
O=C(C1CCC2=C(O1)C=CC(F)=C2)OC(C=N3)=CC=C3OC,0.7417118,0.1951713,-0.5465405
O=C(C1=C(C=CC=C1OC2=NC(C)=CC=C2)C)OCC,0.5635067,0.6181713,0.054664552
CN(c1ccc(/C=C/C(OCc2cc(Cl)nc(Cl)c2)=O)cc1)C,1.3654296,1.3287085,-0.03672111
CCOC(C=C1)=CC=C1C#CC2=NC3=CC=CC=C3N=C2,1.098122,0.89368904,-0.20443296
O=C(OC(C)(C)C)N1CCC(CC1)C#CC2=CC=CN=C2,0.5635067,-0.23965412,-0.80316085
FC1=CC(F)=CC(CC(OCC2=CC=CN=C2OC)=O)=C1,0.7417118,0.4103327,-0.3313791
O=C(C1=CC=CC=C1OCC2=CC=CC=C2)OCC3=CC=CN=C3OC,1.2764736,1.2143188,-0.06215489
O=CC1=CC=C(/C=C/C2=NC=CC=C2)C(OC)=C1,-0.8175827,-0.71598697,0.10159576
N#CC1=C(C=C(C=C1C)OC(C=C2)=NC=C2C)C,0.83081436,0.5536313,-0.27718306
O=C(OC)C1=CN=C(C2=CSC=C2)C=C1,0.25164783,-0.030366633,-0.28201446
CC1=CC(C#CC2=CC=CN=C2)=CC=C1F,0.83081436,0.4733872,-0.35742715
FC1=CN=CC(OC(C=C2)=NC=C2C(OC)=O)=C1,-0.37206998,0.082976334,0.45504633
CC(C)(C)C(C=C1Cl)=CC=C1OC2=NC=CC=C2OC,1.4545321,1.6573168,0.20278466
O=C(OC)C1=CC(C2=CC=C(S2)C=O)=NC=C1,0.07344274,-0.3879586,-0.46140134
O=C(C1=C(C)C(C=CC=C2)=C2S1)OCC3OCCC3,1.1426733,0.29425785,-0.8484154
O=C(C1=CN(C)N=C1C(F)F)OC(C=C(C=C2OCC3=CC=CC=C3)OCC4=CC=CC=C4)=C2C(C)=O,1.3208784,0.90672326,-0.41415513
Cc1cc(C)c(Nc2ccc3scnc3c2)c(c1)[N+]([O-])=O,0.8753656,0.65594816,-0.21941745
COC(C1=CC=NC(C=C)=C1)=O,-0.90668523,-1.2523369,-0.34565163
BrC1=CC=C(C=C2)C(C=C2OC(C=C3)=NN=C3C)=C1,0.16254528,0.7366131,0.57406783
COC1=CC=CC(C#CC2=CC=CN=C2)=C1,0.34075037,0.031733103,-0.30901727
O=C(C1=CC=C(C=C1)C#CC2=CN=CC(C(C)=O)=C2)O,-0.72848016,-0.65950423,0.068975925
O=C(C1=CC(Br)=CC2=C1C=CN2)O,-0.5502751,-0.49455538,0.055719703
FC1=CC(C=O)=CC=C1/C=C/C2=CC=C(N)C=C2,0.028891468,-0.15563306,-0.18452454
COC1=NC=C(C=C1)OC(C(N)=C2)=NC=C2F,-0.90668523,-0.6280599,0.2786253
CC1=CC=C(C(OCCN(C2=CC=CC=C2)CCO)=O)C=C1,0.69716054,0.725195,0.028034449
COC1=CC=C(C#CCN2CCOCC2)C=C1,-1.7531594,-1.6514275,0.1017319
Cc1cccc(Nc2ccc3scnc3c2)c1C,0.9199169,0.66618973,-0.2537272
COC(CCC#CC1=CC(N)=CC=C1C)=O,-0.9957878,-0.8781197,0.11766809
COC(CCC#CC1=NC2=CC=CC=C2N=C1)=O,-0.37206998,-0.66972226,-0.29765227
COC1=CC(OC)=CC(/C=C/C(C=C2)=CC=C2OC3=NC=CC=C3)=C1,1.3208784,1.1047808,-0.2160976
CC1=CC(C)=CC(OC2=CN=CC(C(OC)=O)=N2)=C1,0.5635067,0.25133926,-0.31216747
O=C(OC)C1=CC(NCC(C2=CC=CC=C2)C3=CC=CC=C3)=CN=C1,0.16254528,0.9157428,0.75319755
O=CC1=CC=C(C=C1)OCC#CC2=CC=CN=C2,-0.3275187,-0.6764025,-0.3488838
CC(C(F)=C1)=CC=C1OC2=CN=CC(C(C)=O)=C2,0.16254528,0.17912456,0.016579285
O=C(C1=CN=C(C2=CC(F)=NC=C2)C=C1)OC,-0.28296745,-0.4829551,-0.19998765
O=C(OCC1=CC=C(C=C1)N2N=CC=C2)COC3=CC=CC=C3,0.4744042,0.5870802,0.112675995
O=C(CC1=CN(C2=C1C=CC=C2)C)OCC3=CC=C(C=C3)C#C,1.1872245,1.0483536,-0.13887095
COC1=CC(OC)=CC(/C=C/C(C=C2)=CC=C2OC3=CC4=NC=NC=C4C=C3)=C1,1.0090195,0.79609364,-0.21292585
COC1=CN=CC(/C=C/C(C=C2)=CC=C2C)=C1,0.11799401,-0.15537734,-0.27337134
COC(C1=CC2=C(C=C1)N(C3=NC=CC=C3C#N)CCC2)=O,0.2961991,0.31353274,0.017333627
CC1=CC=C(C#CC2=NC=CC=C2)C=C1,0.20709656,0.33735925,0.13026269
CC1=C(C#CC2=NC=CC=C2)C=CC=C1,0.608058,0.24112055,-0.36693743
O=C(C1=CC=CC=C1C2=O)N2CC#CC3=CC=C4C(NN=C4)=C3,-0.28296745,-1.3319741,-1.0490067
CC(C)(C)C1=CC=C(N)C(C#CC2=CC=CN=C2)=C1,0.4744042,-0.21959522,-0.6939994
O=C(C1CC1)OCC2=CN=CC(Br)=C2,-0.1158516,-0.09533625,0.020515352
O=C(C1=CC=C(C=C1)C#CC(C=N2)=CN=C2OC)OC,0.34075037,-0.22634295,-0.5670933
O=C(C1=CN=C(C2=CC=C(S2)C)C=C1)OC,0.6526093,0.36867526,-0.28393403
CC1=CC(C)=CC(OC2=NC(C)=CC=C2)=C1,1.1872245,1.0206847,-0.16653979
O=C(OCC1=NC=CC(Cl)=C1)COC2=CC=CC=C2,0.36310843,0.17852259,-0.18458584
O=C(C1=CC(/C=C/C2=CC=CC=C2)=CN=C1)OC,0.5635067,0.34235632,-0.2211504
COC1=CC=C(OC)C(C2=CC=C3SC=NC3=C2)=C1,0.5635067,0.72328347,0.15977675
O=C(C1=CC=NC2=CC=C(Br)C=C12)O,-1.3967493,-0.5254114,0.87133783
C1(CCCCO1)OCC#CC2=NC3=CC=CC=C3C=C2,0.34075037,0.3235887,-0.017161667
CC(O)(C#CC1=NC=C(C=C1)C)C,-1.6640569,-1.9553868,-0.29132986
O=CC1=C(OC)C=C(/C=C(C2=CC=CC=C2)\C)C=C1,1.3208784,0.70669943,-0.61417896
CCOC(C=C1)=CC=C1C#CC2=NC3=CC=CC=C3C=C2,1.1872245,1.2201172,0.032892704
NC1=CC=C(C=C1)C#CC2=C(C)C=CC=C2C,1.098122,0.74346614,-0.35465586
CN(C)C(C)C1=CC(OC(C=C2OC)=CC=C2OC)=CC=C1,-0.9957878,-0.8654675,0.13032031
CC1=CC=CC=C1OC2=NC3=CC=CC=C3C=C2,1.3208784,1.2864643,-0.034414053
CC(C)(C#CC1=CC(C(OC)=O)=NC=C1)O,-1.1739929,-0.80051965,0.37347323
NC1=CC=C(C=C1)C#CC2=CC=CC=C2,0.38530165,0.4740685,0.08876684
CC1=CN=C(OC2=CC=C3C=CC=CC3=C2)N=C1,-0.060211077,0.20317069,0.26338178
CC1=CN=C(C#CC2=CSC=C2)C=C1,0.11799401,0.12856638,0.010572374
O=C(C1=CC2=C(C(Br)=C1)C=CN2)O,-0.1938649,-0.4833223,-0.28945738
CC1=CC(C(OCCN(C2=CC=CC=C2)CCO)=O)=CC(Cl)=N1,0.4298529,0.20136276,-0.22849014
CC#CC(C=C1)=NN=C1C,-2.1095695,-1.4840354,0.6255342
COC1=CC=CN=C1C#CC2=CC=CC=C2,-0.28296745,0.14813328,0.43110073
CC1=CN=C(C#CC2=NC=CC=C2)C=C1,-1.1294416,-1.3661569,-0.23671532
CN(C)C(C)C1=CC(OC2=NC3=CC=CC=C3C=C2)=CC=C1,-0.72848016,-0.7346795,-0.00619936
CC1=CC=C(F)C(OC2=CC(C(O)=O)=C(N=C2)C)=C1,-0.14931361,-0.1595605,-0.010246888
FC1=CC(C=O)=CC=C1/C=C/C2=NC=CC=C2,-0.46117252,-0.18552968,0.27564284
C1(c2cc3ncsc3cc2)=CC=CC=C1,0.7417118,0.6683146,-0.07339722
O=C(C1=NC=CC(/C=C/C2=CC=CC=C2)=C1)OC,0.25164783,0.32901382,0.077365994
O=C(CCC1=CC=C(C=C1)OC2=CC(C)=NC=C2)OC,-1.3076466,-1.2512764,0.05637026
O=C(C1=CN=C(OC2=CC=C(C=C2)C3=CC=CC=C3)C=C1)OC,1.0090195,1.1069702,0.0979507
CN(C)C(C)C1=CC(OC2=CC=C(C=C2)OCC3=CC=CC=C3)=CC=C1,-0.14931361,0.14399081,0.29330444
O=C(OCC1OCCC1)C2=NN(C=C2Br)C,-0.8250094,-0.91756743,-0.09255803
CC(C)(C)NC(/C=C/C1=CC2=C(OC=C2)C=C1)=O,0.20709656,0.015430175,-0.1916664
COC1=CC=CC=C1C#CC2=CC=NC3=CC=CC=C23,0.51895547,0.34881124,-0.17014423
O=C(C1=CC=NC=C1)OCC(C=C2)=CC=C2OC(F)(F)F,0.67498916,-0.23636529,-0.9113544
FC(F)(C1=C(C=CC(C#CC2=CC=CC=N2)=C1)Br)F,1.2763271,1.8423358,0.5660087
BrC1=CC=C(C=C2)C(C=C2OC3=NC(C)=CC=C3)=C1,1.4099809,1.4276662,0.017685294
C1(C#CC2=CC=NC=C2)=CC=CC=C1,-0.37206998,-0.60455686,-0.23248687
CC(OCC1=CN=CC(Br)=C1)=O,-0.8175827,-0.8862991,-0.06871635
N#CC1=C(C=C(C=C1C)OC2=CC=NC=C2)C,-1.5749543,-0.9921344,0.5828199
CC1=CC=C(C=C1)OC(C=C2)=CC=C2N(C)C,0.5635067,0.6019152,0.03840846
COC1=CC(OC)=CC(/C=C/C(C=C2)=CC=C2OC(C=NC=C3)=C3C)=C1,0.83081436,0.41129017,-0.4195242
O=C(C1=CC=C(C(C)=O)S1)OCC2=NC(CO)=CC=C2,-1.0403391,-0.6593519,0.38098723
BrC1=CC=C(C=C2)C(C=C2OC3=NC=CC(CO)=C3)=C1,0.38530165,0.53050727,0.14520562
CC(C1=CC=C(/C=C/C2=CC=NC=C2)C=C1F)=O,-1.7086082,-1.325772,0.3828361
O=C(Cc1c(F)cc(F)c(F)c1)OCC2=CN=C(C=C2)Br,0.7417118,0.9049848,0.16327298
COC1=CC(OC)=CC(C#CC2=NC=CC=C2)=C1,0.2961991,0.17095926,-0.12523985
CC(C)(C)C(C=C1Cl)=CC=C1OC2=NC(C)=CC=C2,1.9000449,2.1462862,0.24624133
O=C(C1=CC=C(C(C)=O)S1)OCC2=CSC(Br)=N2,0.34075037,0.23970765,-0.10104272
O=C(OC(C1=CC=C(C=C1)OC(F)(F)F)C)C2=CC(C)=NC3=CC=CC=C23,1.588186,1.2697452,-0.3184408
OC(C1=CC=CC=C1)(C2=CC=CC=C2)C#CC3=CC=C4NN=NC4=C3,-0.060211077,-0.1956847,-0.13547362
O=C(OC)C1=CC(C#CCOC2=CC=CC=C2)=CN=C1,0.608058,0.29688096,-0.31117702
FC1=CN=C(C=C1)C(OCCOC2=CC=CC=C2)=O,0.16254528,0.26704654,0.10450126
C1(C2=CC=CO2)=CC=C3SC=NC3=C1,0.2961991,-0.06554543,-0.36174455
CCOC1=CC=C(C2=CSC(C)=C2)C=N1,1.2282064,0.96170133,-0.26650506
CC1=NC(OC)=CC=C1C2=CC=CC(OC)=C2,0.8753656,0.85246396,-0.022901654
CC1=CC=C(/C=C/C2=NC3=CC=CC=C3C=C2)C=C1,0.25164783,0.21606478,-0.03558305
CC1=CC=C(C2=CC=C(F)C(C)=C2)C(C)=N1,-1.352198,-0.92657965,0.42561835
COC(C1=CC=C(C2=CC=CC(C=O)=N2)C=C1)=O,0.3445439,-0.009332292,-0.3538762
COC1=CC=C(C2=CC=C3C(NN=C3)=C2)C=C1F,0.07344274,0.23134807,0.15790533
COC1=CN=C(N(CCC2)CC2C)N=C1,0.7417118,0.6671054,-0.07460642
C1(C2=CN=C3NC=CC3=N2)=CC=CC=C1,-0.59482634,-0.7562722,-0.16144586
CN(C1=CC=C(C2=CN=C(C=C2)N3CCOCC3)C=C1)C,-1.3076466,-1.0291829,0.27846372
ClC1=CC=C(C2=CN=CN=C2)C=C1,-0.37206998,-0.24877238,0.1232976
COC1=CC=C(OC)C(C2=CC=CC3=C2C=CN=C3)=C1,-0.72848016,-1.0804237,-0.35194355
CC1=CC(C2=CC=CC(C(C)=O)=C2)=NC=C1,-1.3967493,-1.1433955,0.25335371
C1(CC2=NC3=CC=CC=C3N=C2)=CC=CC=C1,0.4298529,0.21553066,-0.21432224
O=C1CCC2=C1C=C(C3=CSC4=C3C=CC=C4)C=C2,0.83464265,1.1286087,0.29396605
O=CC1=CC=C(C2=CN=C3NC=CC3=N2)O1,-1.530403,-1.3817929,0.14861012
CC1=C(C2=CC=C(C=C2)OC3=CC=CC=C3)C=NC=C1,-0.23841617,-0.1642156,0.07420057
COC1=NC(OC)=NC=C1C2=CN(N=C2)C,-1.1739929,-1.3490545,-0.17506158
FC1=C(N)C=CC(C2=CSC3=CC=CC=C23)=C1,1.0090195,0.79317003,-0.21584946
CC1=C(C2=CN=C3NC=CC3=C2)C(C)=NO1,-0.9512365,-0.92543995,0.025796533
CC1=NC(N(C)C2=CC=C(F)C=C2)=CC=C1,-1.3967493,-0.9859806,0.4107687
CCC1=CN=C(C(C=N2)=CC=C2OC)N=C1,0.16254528,-0.36647058,-0.52901584
CC(C1=CC(C2=CC(OC)=CC=C2OC)=CN=C1)=O,-0.41662124,-0.7047394,-0.28811815
COC1=CC=C(OC)C(C2=CC=CC3=C2NC=C3)=C1,0.7417118,0.0935021,-0.6482097
C#CC1=CC=C(C2=CNN=C2C)C=C1,-0.14931361,-0.64435846,-0.49504483
O=C(OC(C)(C)C)N1C(C2=CN=CC3=C2C=CC=C3)=CC4=C1C=CC=C4,1.1872245,1.4882789,0.30105436
CC1=NC(C2=CC=CC=C2)=NC=C1,0.16254528,-0.5346756,-0.69722086
CN1N=CC(C(C=C2)=CC=C2C(C)=O)=C1,-1.0403391,-0.6789511,0.36138803
COC1=CC=C(N(C)C2=CC=CC(C)=N2)C=C1,-1.6640569,-0.74774826,0.91630864
CC1=CC=C(C2=CC=C(O2)C=O)C=C1,0.38530165,0.31482056,-0.07048109
CC(C)(C#CC1=CN=C(N2CCOCC2)C=C1)O,-1.2630954,-0.5249728,0.7381226
COC1=NC(OC)=NC(N2CC3=CC=CC=C3CC2)=N1,0.7417118,0.7336739,-0.008037925
N#CC1=CC=CN=C1N(CCC2)CC2C,0.83081436,0.5896455,-0.24116886
CC1=C(C)C(C(C=C2)=NN=C2N)=CC=C1,-1.2705244,-1.1620318,0.10849261
C1(C2=CC3=CC=CC=C3S2)=CC=C4C(NN=C4)=C1,0.7862631,0.61884713,-0.16741598
OCC1=NC(C2=CC3=C(C=C2)C(C=CC=C4)=C4C3(C)C)=CC=C1,0.9199169,0.11325138,-0.80666554
COC1=NC=C(C2=CC=C3NN=CC3=C2)C=N1,-0.9512365,-1.1500334,-0.19879687
COC1=CN=C(C2=CC=C(N=C2)F)C=C1,-0.6393776,-0.7315449,-0.09216732
FC1=CC=C(C2=CC=CC3=C2C=NN3)C(F)=N1,-0.28296745,-0.115145974,0.16782147
COc1ccc(C2=CC=CC=C2)nc1,-0.108425796,0.00985916,0.118284956
COC1=CN=C(C2=CC=C(S2)C)C=C1,0.34075037,0.16466081,-0.17608956
COC(C1=CC=C(N)C(C2=C3C=CC=CC3=CC=C2)=C1)=O,0.83081436,0.4414961,-0.38931826
CC1=C(C2=NC=NC3=CC=CC=C23)C=CC=C1,0.2961991,0.043645613,-0.2525535
O=C(C1=CC=C(C2=CC=NN2C)C=C1)OCC,0.07344274,-0.17618483,-0.24962758
CC1=CC(OC)=NC=C1C2=C(ON=C2C)C,-0.1938649,-0.39457607,-0.20071118
OCC1CCN(C2=CC(C(F)(F)F)=CC(C(F)(F)F)=C2)CC1,1.0535707,0.24536383,-0.8082069
OCC1=CSC(C2=CN(N=C2)C(C)C)=N1,-1.0848904,-0.84133416,0.2435562
O=CC1=CC=C(C2=CN=CN=C2)S1,-1.7086082,-1.2316009,0.47700727
CC(C1=CC=C(C(C2=CC(C)=CN=C2)=C1)C)=O,-1.1294416,-0.99636716,0.13307446
CN1C(C2=CC=CC(C(C)C)=C2)=CN=C1,-0.90668523,-0.352719,0.5539662
COC1=CC=C(OC)C(C2=CN=C(NC=C3)C3=C2)=C1,-0.14931361,-0.58287156,-0.43355793
CCCN(C)C1=NC=C(C)C=N1,-1.352198,-0.083523996,1.268674
ClC1=CC=C(C2=NC=CC(OC)=C2)C=C1,-1.3076466,-0.5221523,0.7854943
O=C1NC2=C(C1=O)C=C(C3=CN=C(N=C3OC)OC)C=C2,-0.9957878,-0.8170926,0.1786952
C1(C2=NNC=C2)=CC3=C(C=C1)NC=C3,-1.3076466,-1.331352,-0.023705363
C1(C2=CC3=C(C=C2)OCO3)=CC=CC4=C1C=NN4,-0.104762346,-0.19419375,-0.089431405
FC1=CC=C(C(N=C2)=NC=C2C(OCC)=O)C=C1,0.9644682,0.64687914,-0.31758904
CC1=CC(F)=CC=C1C2=CC=CC(N(C)C)=C2,1.4545321,1.1447622,-0.30977
OCC1=CC=C(C2=NC=CC=N2)C=C1,-1.4821424,-1.4660832,0.01605928
NC1=CC(C)=CC(C(C=N2)=CC=C2OCC)=N1,-1.0403391,-1.366845,-0.3265059
CN1C=CC2=C(C3=CC=CC=C3N)C=CC=C12,0.4744042,-0.52941453,-1.0038188
CN1N=CC=C1C2=CC=CS2,-0.5502751,-0.8570866,-0.3068115
COC1=NC(OC)=NC=C1C2=CC=CN=C2F,-0.59482634,-0.47096303,0.12386331
CC1(C2=C(C=CC(C(C=N3)=CC=C3OC)=C2)C4=C1C=CC=C4)C,2.07825,1.9303252,-0.14792478
CC1=CC(OC)=NC=C1C2=CC=CS2,0.608058,0.6775814,0.06952345
COC1=CC(C2=CN=C(C=C2)N3CCOCC3)=CC=C1,-0.7730314,-0.6024299,0.17060149
CC1=CC(C2=CC=C3C=C(C=CC3=C2)OC)=NC=C1,-0.5502751,-0.6228152,-0.072540104
CC1=CC=C(C2=CN=C(NC=C3)C3=C2)S1,0.4298529,0.038585722,-0.39126718
CC1=CC=C(c2cc(c(C)[nH]n3)c3cc2)C=C1,0.6526093,0.4156,-0.23700929
CC1=CC=C(C(C=C2)=NC=C2C(OCC)=O)C=C1,1.1872245,0.85856986,-0.32865465
CC1=C(C=CC=C1C2=CC(C)=CN=C2)OC,-1.0848904,-1.2961806,-0.21129024
CC1=CC=C(C2=C3C(C=CS3)=NC=N2)C=C1,0.07344274,0.59810525,0.5246625
ClC1=CC=C(C(N=C2C)=CN=C2C)C=C1,0.9051869,-0.2713915,-1.1765784
N#CC1=CC=C(N2CCN(C3=CC=CC=C3)CC2)N=C1,0.608058,0.7279807,0.1199227
COC1=CC(OC)=NC(C2=CC3=CC=CC=C3C=C2)=N1,1.8296913,1.4274966,-0.40219474
BrC1=NC=C(C2=CC=NN2C)S1,0.07344274,-0.075975835,-0.14941858
CC1=CC=C(N(C2=CN=C(F)C=C2)C3=CC=C(C)C=C3)C=C1,1.9891474,1.867609,-0.1215384
CC1=CC(C2=CC3=CC=CC=C3S2)=NC=C1,1.0535707,0.28101352,-0.77255726
CC(C1=CC(C2=CC=C(S2)C=O)=CN=C1)=O,-0.90668523,-0.75197774,0.15470749
COC1=CC=C(C2=CC=C3C(NN=C3)=C2)C=C1,0.07344274,-0.11836541,-0.19180815
FC1=CN=CC(C2=CC=C3C(C=CS3)=C2)=C1,0.7417118,0.50753516,-0.23417664
O=CC1=CC=C(C2=CN=CC3=C2C=CC=C3)O1,-0.9957878,-0.29639852,0.6993893
CN(C)C1=CC=C(C(C=C2)=CC=C2C(OC(C)(C)C)=O)C=C1,1.9891474,1.2306763,-0.75847113
CC1=NC=C(/C=C/C2=CC=C(O)C(OC)=C2)C=N1,-0.8175827,-0.84941626,-0.03183353
CN(C1=NC=CC=C12)C=C2CN3C(C=CC=C4)=C4CCC5=C3C=CC=C5,1.2763271,1.4895049,0.2131778
CN(C1=CC=C(/C=C/C2=CC=CC=C2)C=C1)C,1.6327373,1.1869606,-0.4457767
N#CCC1=NC(C2=CC(Cl)=CC=C2OC)=CS1,0.69716054,-0.03638101,-0.73354155
CN1C=C(C2=CC=CC=C2)C=N1,-0.41662124,-0.6631455,-0.24652424
CC1=C(C2=CC(N(C)C)=CC=C2)C=CC=C1,1.2616225,1.0277704,-0.23385215
O=C(OC(C)(C)C)N1C(C2=CC3=C(C=C2)NC=C3)=CC=C1,1.1872245,0.87224925,-0.31497526
COC1=NC(OC)=NC=C1C2=CC3=CC=CC=C3S2,1.1872245,1.5410115,0.35378695
BrC1=CC2=CC=C(C3=CN=C(N=C3)N)C=C2C=C1,0.2961991,0.14344904,-0.15275007
CC(C)(OC(N1C2=C(C=C(C3=CN(N=C3)C4CCOCC4)C=C2)C=C1)=O)C,0.6526093,0.9022775,0.24966824
CC1=CC(F)=CC=C1C2=CC=NC=C2,-1.1294416,-1.3169369,-0.18749523
CC(C1=CC(C2=CC=CC3=C2OC4=C3C=CC=C4)=CN=C1)=O,0.7417118,0.89588505,0.15417325
CC1CN(C(C=C2C)=CC=C2C#N)CCC1,1.3654296,1.0527685,-0.31266117
CC1=C(C2=CC=NN2C)C=CC=C1Br,0.608058,0.47573754,-0.13232043
CC(C)(C)OC(N1CC=C(C2=CN=C(N=C2)N)CC1)=O,-0.6393776,-0.720275,-0.08089739
COC1=NC=C(C2=CC=C(C#N)C=C2)C=N1,-0.40545535,-0.23666295,0.1687924
COC1=NC=C(C2=NC3=CC=CC=C3C=C2)C(OC)=N1,-0.060211077,-0.18496633,-0.12475525
COC1=NC(OC)=NC=C1C2=CC3=CC=CC=C3O2,1.1872245,0.6159087,-0.5713158
CN(C(C=C1)=CC=C1OC)C2=CC=CC=C2,0.83081436,0.82188994,-0.008924425
CC1=CC=C(C2=NC=NC(C)=C2)C=C1,0.07344274,-0.30175215,-0.3751949
COC1=NC=C(N(C=N2)C3=C2C=CC=C3)C=C1,-1.1739929,-0.826851,0.34714186
COC1=CC=CC(C2=NC3=CC=CC=C3C(C(OC)=O)=C2)=C1,1.265335,0.6434673,-0.62186766
CN(C1=CC=C(C(C2=CC=CC=C2)=O)C=C1)C,0.5635067,0.35770908,-0.20579764
COC1=CC=CC=C1C(C=CC(OC)=N2)=C2C,0.51895547,0.819455,0.30049956
COC1=CC=C(C=C1)C#CC(C=C2)=CC=C2N(C)C,1.588186,1.0368316,-0.5513544
CC1=CC(C2=NC3=CC=CC=C3C=C2)=CC(C)=C1,1.4099809,0.75688165,-0.65309924
O=C(O)C1=CN=C(C2=CC=CC(C(C)=O)=C2)N=C1,-0.90668523,-0.9376871,-0.031001866
COC1=CC=C(C2=CC=C3N=CC=CC3=C2)C=C1F,-0.37206998,-0.006772816,0.36529717
CN(C1=CN=C(OC)C=C1)C2=CC=C(F)C=C2,0.16254528,0.94701225,0.784467
OC1(C#CC2=CN=C(OC)N=C2OC)CCCCC1,0.07344274,-0.24373004,-0.31717277
FC1=C(C(S2)=CC=C2C)N=C(N=C1)Cl,0.51895547,1.0772072,0.55825174
CC1=NNC=C1C2=CC(C3=CC=CC=C3)=CC=C2,0.4744042,0.11649644,-0.35790774
COC1=CC=C(OC)C(C2=CC3=C(C=NC=C3)C=C2)=C1,-0.7730314,-1.1093273,-0.3362959
ClC1=CC(C(N=C2)=NC=C2OC)=CC=C1,0.9237514,0.6664857,-0.2572657
CC1=CC=C(C2=CN=CN=C2)S1,-0.37206998,-0.5420621,-0.16999212
COC1=C(C=C(C(C=C2)=NC=C2C)C=C1C)C,-0.3275187,-0.2973641,0.030154616
CC(C)(C1=CC=C(N2CC(C=CC=C3)=C3CC2)C=C1)C,2.2119038,1.9908451,-0.22105873
COC1=CC=C(C2=NC=CC=C2C)C=C1,-1.5341191,-1.0887904,0.4453287
CN(CCCC1=CC=CC=C1)C2=CC=CC=C2,1.0090195,1.4049392,0.39591968
CC1=NNC=C1C2=CC3=C(C=C2)C(C=CC=C4)=C4C3(C)C,0.69716054,0.6094112,-0.08774936
CCC(N=C1)=NC=C1OC,-1.8422619,-1.7377536,0.10450828
N#CC1=CC=C(N2C=NC3=CC(C)=CC=C32)C=C1C(F)(F)F,0.34075037,0.8122373,0.47148696
CC1=CC(C2=NC(OC)=CC=C2)=CC(C)=C1,1.6811765,1.3642884,-0.3168881
COC1=CC=CC=C1C2=CC=NC=C2,-1.9759158,-1.2558053,0.72011054
O=CC1=CC(OC)=C(C2=CC=NN2C)C(OC)=C1,-0.6839289,-0.8844772,-0.20054829
COC1=CC(C2=CC=NC=C2)=CC=C1,-1.9759158,-1.2620729,0.71384287
OC(C1=CC(C2=NC=CC=C2)=CC=C1)=O,-1.352198,-0.9749828,0.3772152
COC1=C(C=C(C2=NC=CS2)C=C1C)C,0.8753656,0.48033324,-0.39503238
COC1=CC=C(C2=CN=C(C=C2)N3CCOCC3)C=C1F,-0.72848016,-0.49609467,0.23238549
COC1=CC=C(C2=NC=C3C(NC=C3)=N2)C=N1,-1.0403391,-1.0416657,-0.001326561
COC1=CC=CC=C1C(C=C23)=CC=C3N=CC=C2C,-0.5502751,-0.56552345,-0.015248358
CC1=C(C2=CC=C(F)C=C2C)C=NN1C,0.2961991,0.06463557,-0.23156354
OCC1=CC=C(C2=CC=CC(S(C)(=O)=O)=C2)N=C1,-1.352198,-1.0930845,0.25911355
NC1=CC(C2=CSC3=CC=CC=C32)=CC=C1C,0.69716054,0.81683916,0.11967862
CCN(N=C1)C=C1CNC(C(N(=O)=O)=C2)=CC=C2C(OCC)=O,0.38530165,0.31786293,-0.06743872
CC1=CC=CC(C(C=N2)=CC=C2N)=C1,-1.530403,-0.9818928,0.5485102
COC1=CC(C2=CN=C(N=C2)F)=C(OC)C=C1,0.07344274,-0.4632186,-0.5366613
C12=C(N(C3=CSC=C3)C=C2)C=CN=C1,-2.154121,-1.6531761,0.50094485
C1(C2=CC3=CC=CC=C3O2)=NC4=CC=CC=C4C=C1,1.3654296,1.4459387,0.08050907
CN1C=CC2=C1C=CC(N3C=CC(C=C4)=C3C=C4C#N)=C2,1.1426733,0.5735761,-0.56909716
NC1=CC=CC(C2=CC([N+]([O-])=O)=CC=C2C)=C1,-0.30457732,0.5256575,0.83023477
CC(C)(C)OC(N1CC=C(C2=CN=CN=C2)CC1)=O,-0.37206998,-0.41188517,-0.039815187
COC1=CC=CC(C(N=C2)=NC=C2OC)=C1,-0.104762346,-0.22935623,-0.124593884
FC1=CC=C(C2=CN=C3NC=CC3=C2)C=N1,-0.9512365,-0.84730846,0.10392803
FC1=CC=C(C2=NC(C)=NC3=CC=CC=C32)C=C1,0.20709656,0.3155281,0.10843153
COC1=NC=C(C2=CN=C(C=C2)N3CCOCC3)C(OC)=N1,-1.4858518,-0.8340642,0.6517876
COC1=C(C2=CC3=CC=CC=C3C=C2)C=NC(OC)=N1,0.7862631,1.1137673,0.32750416
CC1=CC(F)=CC=C1C2=CC=CC3=C2C=NN3,0.4744042,0.32014993,-0.15425426
NCC1=CC=C(C2=CC3=CC=CC=C3C=C2)N=C1,-1.0329177,-1.2208827,-0.18796492
CC1=CC=C(C(N=C2)=NC=C2C)C=C1,0.541326,0.28554985,-0.25577614
CC1=C(C2=NC(OC)=CC=C2)C=CC=C1,1.2763271,0.9043245,-0.37200266
FC1=NC=C(C2=CC=C3OC=NC3=C2)C(C)=C1,-0.1938649,-0.02507466,0.16879024
ClC1=CC(c2cc3c(CCCN3)cc2)=CC=C1,1.3136022,1.1610636,-0.15253866
COC1=CC(C2=CC=C(C=C2)C(C)C)=NC=C1,-0.6839289,-0.2676256,0.4163033
O=CC1=CC=C(C2=CC3=C(C=C2)NC=C3)O1,-0.37206998,-0.48787948,-0.1158095
COC(C1=C(C2=CC(C(O)=O)=C(C=C2)F)N=C(C=C1)C)=O,-1.0403391,-0.32370067,0.71663845
COC1=CC=C(C=C1)N(C2=CC=C(C=O)S2)C,0.07344274,0.05827316,-0.015169583
CC(C1=CC=C(C2=CC=NN2C)C=C1C)=O,-0.28296745,-0.65772694,-0.3747595
CCCCC1=NC(C2=CC=CC(Br)=C2)=CS1,2.3901088,2.4589875,0.06887865
CC1=CC(N2C=CC3=C2C=CC=C3F)=NC4=CC=CC=C14,1.6327373,0.6186532,-1.0140841
FC1=CC(N2C3=CC=CN=C3C=C2)=CC=C1OC,-1.8422619,-1.2040946,0.63816726
CC(C)(C)OC(N1CC=C(C2=CC3=C(N=C2)C=CC=C3)CC1)=O,0.51895547,-0.35150927,-0.87046474
O=C1N(C2=CC=C3C=C(O)C=CC3=C2)C=C(C)C=C1,-1.0403391,-0.27346578,0.76687336
CC1=CC=C(C2=C3C=CNC3=NC=N2)C=C1,-1.2630954,-0.67001516,0.5930802
O=CC1=CC(OC)=C(/C=C(CCC2=C3C4=C(N2C)C=CC=C4)/C3=O)C(OC)=C1,0.38530165,0.91761774,0.5323161
C1(C2=CC3=CC=CC=C3S2)=CC4=C(C=C1)NC=C4,1.2763271,1.4338622,0.15753508
ClCCCC1=NC=CC=C1OC,-1.1739929,-0.6760692,0.49792367
CC1=CC(C2=CC=C3C=CC=NC3=C2)=CC(C)=C1,0.4967716,0.22825429,-0.26851732
CC1=CC=C(C2=NC3=CC=CC=C3N=C2)C=C1,0.7417118,1.1457574,0.40404564
COC1=CN=C(C2=CC=CS2)C=C1,-0.015659804,-0.36345774,-0.34779793
NC1=C(C2=CC=CC=C2)C=CC=C1,0.25164783,-0.20780271,-0.45945054
CC(C1=CC(C2=CN=C(C=C2)N3CCOCC3)=CC=C1)=O,-1.0848904,-0.4891602,0.5957302
CC1CN(C2=CC=CC(OCC3=CC=CC=C3)=C2)CCC1,0.4298529,1.479583,1.0497301
COC1=CN=CC(C2=CC=CC=C2CC)=C1,-0.37206998,-0.10964763,0.26242235
COC1=CC=CC(C2=NC=CC3=C2C=CC=C3)=C1,-0.862134,-0.54377085,0.31836313
N#CC1=CC=C(C2=CN=CC3=C2C=CC=C3)S1,-0.015659804,0.1388911,0.15455091
O=CC1=CC=C(C2=NC=CC=C2)O1,-1.530403,-1.060075,0.47032797
N#CC1=CC=C(C2=CC=CC=C2OC)N=C1,0.028891468,0.06566005,0.036768585
CN(C1=CC=C(C2=CC=CC(C(O)=O)=N2)C=C1)C,-1.1739929,-0.9806261,0.19336677
CN(C1=NC=C(N(=O)=O)C=N1)CC2=CC=C(C=C2)OC,0.83081436,0.34421086,-0.4866035
CC1=NN=C(C2=CC=CS2)C=C1,-1.1739929,-0.767898,0.40609485
CC1CN(C2=CC(OC)=CC(C(OC)=O)=N2)CCC1,0.5635067,0.9620064,0.39849967
COC1=CN=C(C2=CC3=CC=CC=C3C=C2)N=C1,1.0535707,0.9769233,-0.07664746
ClC1=CC=CC(C2=CN=C(C=C2C)F)=C1,0.9644682,1.0734476,0.108979404
ClC(C=C1)=CN=C1NC2=CC3=C(C=NN3)C=C2,-0.1938649,-0.953257,-0.75939214
N#CC1=CC=C(C2=CC=C(S2)C)N=C1,0.51895547,0.36774194,-0.15121353
CC1CN(C2=NC3=CC=CC=C3N2)CCC1,-1.3076466,-0.8380403,0.46960634
COC1=CC=C(C2=CN(N=C2C)C)C=C1,-0.5057238,0.19351259,0.6992364
COC1=CC(/C=C/C2=CC=C3OC=NC3=C2)=CC=C1O,0.07344274,-0.06942431,-0.14286706
O=C(OC(C)(C)C)N1C(C2=CN=C(C=C2)N3CCOCC3)=CC4=C1C=CC=C4,1.2317758,0.3336114,-0.8981644
N#CC1=CN=C(N(CCC2)CC2C)C=C1,0.83081436,0.51588184,-0.31493253
N#CC1=NC=C(C2=CN(N=C2)C)C=N1,-1.7977107,-1.3170501,0.48066056
FC1=NC=CC(C2=CC3=C(C=C2)NC=C3)=C1,-0.060211077,-0.1691559,-0.10894482
CC1=NC=C(C2=C3C=CC=CC3=CC=C2)C=C1,-0.9512365,-0.7132579,0.23797858
FC1=CC=C(C2=CN=C3NC=CC3=C2)C(F)=N1,-0.41662124,-0.37845433,0.03816691
NC1=CC=CC(Cl)=C1OC,-0.7730314,-1.2019138,-0.42888242
CC(C1=CC(C2=CC=C3N=CC=CC3=C2)=CC=C1)=O,-0.8175827,-0.37026253,0.4473202
ClC1=NC2=CC=CC=C2N1,-1.7977107,-1.1498275,0.6478832
CC1=CC=C(C2=NC(OC)=NC(OC)=N2)C=C1,0.38530165,0.06610791,-0.31919375
CN(C)C1=CC=CC(C2=CC=C(F)C(C)=C2)=C1,1.4099809,1.2450987,-0.16488218
CN1N=CC=C1C2=CC3=NN(C)C=C3C=C2,-0.9512365,-0.83502907,0.11620742
N#CC1=CC=C(C2=CC3=CC=CC=C3O2)N=C1,0.83081436,1.0121142,0.1812998
CC1=C(C=NC(C2=CC(OC)=CC=C2OC)=C1)F,0.4744042,0.36951736,-0.10488683
CCC(=O)C1=CC=C(N2C=CC3=C2C=CC(C#N)=C3)C=C1,0.8753656,0.80991954,-0.06544608
COC(C1=C(C2=CC=C(C=C2)C(F)(F)F)N=C(C=C1)C)=O,0.38530165,0.80270356,0.4174019
CC(C1=CC(C2=CC3=CC=CC=C3S2)=CN=C1)=O,0.5635067,0.44373366,-0.11977306
O=C(OCC)C1=CN=C(N2CCCC3C2CCCC3)N=C1,2.1673524,1.3278298,-0.8395226
CN(C1=NC=CN=C1)CC2=CC=CC=C2,-0.060211077,-0.16216293,-0.10195185
NC1=C(C2=CC=CC=C2)C=C(C=C1)C#N,0.2961991,-0.24978718,-0.5459863
CC1=CN=CC(C2=CC3=C(C=CN3)C=C2)=C1,-1.2185441,-1.2613555,-0.042811394
CN1C=C(C2=CN=C3NC=CC3=C2)C=N1,-1.8868133,-1.539744,0.34706926
CC(=O)C1=CC=C(N(C2=CC=C(C)C=C2)C2=CC=C(C)C=C2)S1,1.8109423,1.7002642,-0.11067808
COC1=NC=C(C2=NC=CC(F)=C2)C=N1,-0.8175827,-1.1368736,-0.31929088
CC(C1=CC(C2=CC=C(N=C2)OCC)=CN=C1)=O,-0.1938649,-0.039619826,0.15424508
COC1=CC=CC=C1/C=C/C2=CC3=C(C=C2)C=NC=C3,-0.59482634,-0.24569663,0.3491297
CC1=CC=C(N(C2=CC=CC=C2)C2=CC=CC(C)=N2)C=C1,0.38530165,0.40225568,0.016954035
COC1=CC=C(N(C)C2=NC=CC(OC)=C2)C=C1,-1.6195056,-0.35691023,1.2625954
CN1N=CC(C2=CC=CC=C2)=C1,-0.46117252,-0.6631455,-0.20197296
CC1=CN=CC(C2=CC=C(C)C(F)=C2)=C1,-0.41662124,-0.57420045,-0.15757921
NC1=CC(C2=CN(N=C2)C3CCOCC3)=CC=C1C,-1.0848904,-1.521645,-0.43675458
CC1CN(C2=CN=C(N3CCOCC3)C=C2)CCC1,-0.9512365,-0.41284004,0.5383965
COC1=CC=C(C2=CN=C(C=C2)OC)C=C1F,0.38530165,0.7552871,0.36998546
COC1=CC=C(C2=CC=C3N=CNC3=C2)C=C1F,-1.1294416,-0.6912243,0.43821734
CC1=CN=C(N2C(C=CN=C3)=C3C=C2)N=C1,-2.0650184,-1.3183323,0.7466861
ClC1=CC=C(C2=CC=C(C=C2)C(NC)=O)C=C1,0.16254528,0.37306514,0.21051987
CC1=CC=CN=C1/C=C/C(C=C2)=CC=C2C,-0.7730314,-0.3247307,0.44830072
CC(C1=CC(C2=CN=C(N=C2)OC)=CN=C1)=O,-1.4858518,-1.0758768,0.40997493
FC1=CC=C(C=C1)C2=CSC(CCC3=CC=CC=C3)=N2,1.6772885,1.7494488,0.072160244
N#CC1=CC=C(C2=CC(F)=C(N)C=C2)C=N1,-0.46117252,-0.6484234,-0.18725085
CC1=C(C2=NC3=CC=CC=C3C=C2)C(C)=NO1,0.20709656,-0.6382057,-0.8453023
COC1=CC=C(C(F)=C1)C2=CSC(C3COC4=CC=CC=C4O3)=N2,1.7218398,1.0344296,-0.68741024
CN(C1=CN=C(N2CCOCC2)C=C1)C3CCCCC3,-0.6839289,-1.1053962,-0.42146724
COC1=NC=C(C2=CC=C(O2)C=O)C=N1,-1.4858518,-1.2138141,0.27203763
CCC1=NC(OC)=NC(OC)=N1,-1.3967493,-0.76761013,0.6291391
Cc1cccnc1N1c2ccccc2Sc2ccccc12,1.588186,1.290753,-0.29743302
OC1=CC2=CC=C(C(C=C(C(F)=C3)C(C)C)=C3OC)N=C2C=C1,-0.14931361,0.86710215,1.0164157
C1(NCC2CCCCC2)=CN=C(N3CCOCC3)C=C1,-0.59482634,-0.96356887,-0.36874253
COC1=NC(OC)=NC=C1C2=CC(F)=CN=C2,-0.41662124,-0.49672037,-0.080099136
CN(C1=CC=C(C#N)C=N1)C1CCCCC1,1.0535707,1.1007141,0.04714334
CCCCC1=NC(C2=NC=CS2)=CS1,0.83081436,0.20394742,-0.62686694
COC(C=C1)=CC=C1OC2=CC=CN=C2C,-1.0403391,-1.1475738,-0.10723472
CC1=NNC2=C1C=C(C3=CC=C(S3)C=O)C=C2,-0.46117252,-0.094510645,0.36666188
CCOC1=CC=C(C2=CC=C3N=CC=CC3=C2)C=N1,-0.5502751,-0.24486801,0.30540708
COC1=NC=C(C2=CC=CC3=C2C=NN3)C(OC)=N1,-0.7730314,-0.80992246,-0.036891043
CC1=CC(C2=CC=CC(C)=C2C)=NC=C1,-1.0848904,-1.1129495,-0.028059125
CCC1=CN=C(N(C)CCC)N=C1,-0.46117252,0.4683422,0.92951477
CC1=CC2=C(N1C3=CN=C(OC)N=C3OC)C=CC=C2,0.028891468,0.7869169,0.75802547
CC1=CC(C2=NC(C)=CC(C(OC)=O)=N2)=CC(C)=C1,1.1910778,0.9643684,-0.22670943
CC1=CC(C2=NC=CC(C3=CC=CC=C3)=C2)=CC(C)=C1,1.0091473,0.7112996,-0.2978477
NC1=CC=C(C2=CC3=C(OC=C3)C=C2)C=C1,-0.1938649,-0.20549607,-0.011631176
NC1=CC(C(C(C)=C2)=CC=C2C(OC)=O)=CC=C1C,0.608058,0.479494,-0.12856397
CC1CN(C(N=C2)=NC=C2C(O)=O)CCC1,0.028891468,-0.75116473,-0.7800562
NC1=CC(C)=CC(C2=CC=C(C)C([N+]([O-])=O)=C2)=N1,-0.72848016,-0.6067241,0.12175608
[O-][N+](C1=C(C(CC(C2=CC3=CC=CC=C3N=C2)=O)=CC=C1)OC)=O,0.38530165,-0.021739319,-0.40704095
CC1=CC=C(C=C1C(CC(C=C2)=CN=C2C)=O)C,-1.0848904,-1.4236748,-0.33878446
CC1=CC(C(C(C2=NC=CC(C)=C2)C)=O)=CC=C1,-0.59482634,-0.7758164,-0.18099004
CC(C=C1)=CC=C1C(CC2=CC3=C(C=C2)OCCO3)=O,0.83081436,0.5598151,-0.27099925
ClC1=CC=C(N=C2CC)C(C=C2C(CC)=O)=C1,1.0090195,0.825019,-0.18400049
NC(C=C1)=CC=C1C(CC(C=C2)=CC=C2N(C)C)=O,-1.530403,-0.70480317,0.82559985
COC(C=CC1=C2)=CC1=CC=C2C(CC3=NC=CC=C3)=O,-0.37206998,-1.0697485,-0.69767857
CCC(C=C1)=CC=C1C(CC2=CN=CC3=CC=CC=C32)=O,-0.23841617,-0.45158783,-0.21317166
CC1=CC=CC=C1C(CC(C=C2)=CN=C2C)=O,-1.4858518,-1.552889,-0.067037225
CCN(C1=CC=C(CC(C2=CC=C3C=C(C=CC3=C2)OC)=O)C=C1)CC,-0.104762346,1.1928531,1.2976154
C1(CNCC2=CC=CS2)=CC=C3OCCOC3=C1,-1.4413005,-0.9374308,0.5038697
COC1=C(C)C(CC(C2=CC3=CC=CC=C3N=C2)=O)=CC=C1,0.6526093,0.43711933,-0.21548995
BrC(C=C1)=CC=C1C(C2=CC=CC=C2N=C3CC4)=C3CC4OC,0.028891468,-0.034620896,-0.06351236
ClC1=CC=C(N=C2CC3)C(C=C2CC3CC)=C1,0.69716054,0.23218939,-0.46497115
ClC1=CC=C2C(C3=CC=CC=C3)=C(C(CC(C)(C4)C)=O)C4=NC2=C1,1.5436348,1.4994513,-0.044183493
CC1=CC(C(C(C2=NC=CC=C2)C)=O)=CC=C1,-0.1938649,-0.74283427,-0.5489694
CC(C1=CC=CC=C1N=C2C(C)C)=C2C(OC)=O,0.7417118,0.99138147,0.24966967
CCOC(C1=C(C2=CC=CC=C2N=C1CC)C3=CC=CC=C3)=O,1.4099809,1.4473753,0.037394404
CC1=NC=C(C(C)C(C2=CC=CS2)=O)C=N1,-0.9957878,-0.51975167,0.47603613
CNC(C=C1)=CC=C1C(CC2=CC=C(C(F)=C2)C)=O,0.7417118,0.5551892,-0.1865226
CC1=NC=CN=C1C(CC2=CC3=C(C=C2)OCCO3)=O,0.11799401,-0.44602093,-0.5640149
CC1=CC=CN=C1C(C)C(C(O2)=CC=C2C)=O,-1.0403391,-0.54276717,0.49757195
COC1=NC=C(C(C(C2=CC=C(C=C2)CC)=O)C)C=N1,0.51895547,0.37258676,-0.14636871
COC(C(OC)=C1)=CC=C1C(CC2=CC3=C(C=C2)OCCO3)=O,0.25164783,0.037307553,-0.21434027
CC1=CC=C(O1)C(C(C2=CN=C(N3CCOCC3)C=C2)C)=O,-1.0403391,-1.0709324,-0.030593276
CC1CC2=NC3=CC=CC=C3C(C4=CC=CC=C4)=C2C(C1)=O,0.69716054,0.3442835,-0.35287705
CC(C(C=C1)=NN1C)C(C2=CC=C(C=C2)C)=O,0.028891468,0.054282144,0.025390675
O=C(C1=CC=CC=C1)C(C2=NC=CC=C2)CC,-0.41662124,-0.65535134,-0.2387301
CC1=C(C(OC(C)(C)C)=O)C(C)=NC2=C(O)C=CC=C12,0.9644682,0.5317381,-0.43273008
CC(C(C(C)=NN1)=C1C)C(C2=CC=C(C=C2)CC)=O,0.11799401,0.33972463,0.22173062
ClC1=CC=C(N=C2CC)C(C(C3=CC=CC=C3Cl)=C2C(OCC)=O)=C1,2.1228013,1.9924711,-0.1303302
CC(C1=NC=C(C=C1)OC)C(C2=CC=C(C=C2)CC)=O,0.6526093,0.78923005,0.13662076
O=C(C1=CC=CC=C1)C(C2=CN3C(C=C2)=NC=C3)CC,-1.0403391,-0.83301765,0.20732147
CC1=CC=C(C=C1C(CC2=CN=CC(F)=C2)=O)C,0.38530165,0.101891585,-0.28341007
CC(C1=CN=C(N2CCOCC2)C=C1)C(C3=CC=C(C=C3)CC)=O,-0.104762346,-0.68342304,-0.5786607
COC1=CC=CC=C1C(CC2=CN=C(N3CCOCC3)C=C2)=O,-0.9957878,-0.79031354,0.20547426
CCN(C1=CC=C(CC(C2=CC(C)=CC=C2C)=O)C=C1)CC,-0.1938649,1.3920497,1.5859146
COC(C(OC)=C1)=CC=C1C(CC2=CC(C)=CC=C2C)=O,0.9644682,1.0070857,0.0426175
CC(C=C1C)=CC=C1C(CC2=NC(C)=CC=C2)=O,-1.1294416,-1.0817647,0.04767692
COC(C(OC)=C1)=CC=C1C(CC2=C3C=CNC3=CC=C2)=O,0.028891468,0.07506279,0.046171322
COC1=NC=C(CC(C2=CC=C(C(OC)=C2)OC)=O)C=N1,-0.59482634,-0.83394915,-0.23912281
CC(C=C1)=CC=C1C(CC2=NC=CC=C2)=O,-1.1294416,-1.2853678,-0.15592623
COC1=CC=CC=C1C(CC2=CC=C3NN=NC3=C2)=O,-0.28296745,-0.7602095,-0.47724205
CC1=NC=CC=C1C(C(C2=CC=C(C=C2)C)=O)C,-0.9957878,-1.0650634,-0.06927556
COC1=CN=CC(CC(C2=CC=C(C(OC)=C2)OC)=O)=C1,-1.2185441,-0.64358515,0.574959
O=C1C2=C(C3=CC=CC=C3N=C2CC1)C4=CC=CC=C4,-0.104762346,-0.55989087,-0.45512852
CC1=CC(C(C(C2=NC=C(C=C2)C)C)=O)=CC=C1,-0.104762346,-0.2323333,-0.12757096
O=C(C1=CC2=CC=CC=C2N=C1)CC3=CC=C(C)C(OC)=C3,0.69716054,0.5565546,-0.14060593
ClC(C=C1)=CC=C1C2=C(CCC3)C3=NC4=CC=CC=C24,0.34075037,0.13554835,-0.20520201
CC1=CC(C)=CC(C(CC(C=C2)=NN2C)=O)=C1,0.07344274,-0.69644827,-0.769891
O=C(C1=CC=CC=C1)CC2=NC(C(F)(F)F)=CC=C2,0.608058,0.057313047,-0.55074495
COC(C=CC1=C2)=CC1=CC=C2C(CC3=CC=C(C(F)=C3)C)=O,1.4545321,1.2030894,-0.2514428
COC(C(OC)=C1)=CC=C1C(CC2=CC=C3C(CC3)=C2)=O,0.8753656,0.7523077,-0.1230579
O=C(C1=CC2=CC=CC=C2O1)CC(C=C3)=CN=C3C,-1.1739929,-0.86932343,0.30466944
CC1(C)CC(C2=C(C3=CC=CC=C3N=C2C1)C4=CC=CC=C4)=O,0.7862631,0.8451948,0.05893171
NC(C=C1)=CC=C1C(CC2=CC(N(C)C)=CC=C2)=O,-0.59482634,-0.74643177,-0.15160543
CCN1C=CC=C1C(CC2=CC=C3OCCC3=C2)=O,0.5635067,0.18410653,-0.3794002
CC(C)OC1=NC=CC=C1C(C(C2=CC=C(C=C2)CC)=O)C,1.766391,1.3390979,-0.42729318
COC(C(OC)=C1)=CC=C1C(CC2=CSC(C)=C2)=O,1.2763271,0.60844696,-0.6678802
COC1=CC(OC)=CC(CNC2=CC=C([N+]([O-])=O)C(OC)=C2)=C1,0.07344274,0.24235395,0.1689112
COC1=CC=C(OC)C(NC2=NC=CC=C2C(F)(F)F)=C1,1.3654296,0.096026264,-1.2694033
COC1=CC(NC2=CC=C(F)C(C#N)=C2)=CC=C1,0.60815734,0.4624217,-0.14573565
COCCCNC1=NC=C(N(=O)=O)C=N1,-0.8175827,-0.56219035,0.25539237
FC(F)(F)C1=NC=CC(NC2=CC=C(OC)C=C2)=C1,0.028891468,-0.012760572,-0.04165204
O=C(C1=CC=NC=C1NC2=CSC=C2)OC,-0.28296745,-0.752845,-0.46987754
Cc1nccn1-c1ccc(Nc2cc(F)ccn2)cc1,-1.7086082,-1.7438256,-0.035217404
O=N(C1=CN=C(NCC2CCOCC2)N=C1)=O,-0.6839289,-0.29240242,0.3915265
CCOC(C1=NC(NCC2=CC3=CC=CC=C3S2)=CC=C1)=O,0.8753656,1.0742804,0.19891477
FC(F)(F)C1=NC=CC(NC(SC2=NC=N3)=CC2=C3Cl)=C1,0.34075037,-0.26988998,-0.61064035
CC(C=C1)=CC=C1NC2=NC=CC=C2,-1.9759158,-1.5818139,0.39410186
CC1=CC=C(NC2=CC=CC=C2)C=C1,0.6526093,0.7067715,0.054162204
COC(=O)c1ccncc1Nc1ncc(C)cn1,-0.6393776,-1.1611727,-0.52179515
O=C(C1=CC=C(C=C1)NC(C=C2)=NC=C2Cl)OC,0.7417118,0.44871214,-0.29299966
COC(C(C)=C1)=CC=C1NC2=CC=CC=C2OC,1.3208784,0.86006504,-0.46081334
ClC1=CC(CNC(C=C2)=NC=C2C(OC)=O)=NC=C1,-0.5502751,-0.65078014,-0.100505054
O=C(OC)C1=CC=NC(NC2=CC=C(F)C(Cl)=C2)=C1,0.4744042,0.34059557,-0.13380861
FC(F)(F)C1=NC=CC(NC2=CC3=CC=C(C=C3C=C2)OC)=C1,0.4298529,0.60693437,0.17708147
CC(=O)c1cccc(Nc2ccc3OCCOc3c2)c1,0.25164783,-0.07209339,-0.32374123
C1(CNCC2=CC=NC=C2)=CC=C(C=C1)N3CCCC3,-1.7531594,-1.6432686,0.10989082
CC(C1=CC(NC(C=C2F)=CC=C2C(OC)=O)=CN=C1)=O,-0.41662124,-0.29568756,0.12093368
FC(F)(F)C1=NC=CC(NC2=CCN(C(OC(C)(C)C)=O)CC2)=C1,0.5635067,0.4813963,-0.082110435
O=C(C1=CC=C(C=C1)NC2=NC(F)=CC=C2)OC,0.34075037,0.30502567,-0.0357247
O=C(OC)CC1=CC=C(NC(NC2=CC=CC=C2OCC)=O)C=C1,0.4744042,-0.0078028664,-0.48220706
CC1=NC=CC(NC(C=C2)=NC=C2F)=C1,-2.0650184,-1.5607511,0.50426733
CSc1ccc(Nc2cccc3cnccc23)cc1,-0.59482634,-0.6881072,-0.09328085
FC1=CN=C(OC)C(CNC(C=CC(C)=N2)=C2C)=C1,-1.2630954,-0.09216525,1.1709301
CC(=O)c1ccc(Nc2cccc(F)n2)s1,-0.41662124,-0.24538046,0.17124078
CC(NCC1=NC2=CC=CC=C2C=C1)(C)C,-1.4858518,-1.6435549,-0.15770316
CCc1ccc(Nc2ccc3oc(=O)ccc3c2)cc1,0.83081436,0.8264119,-0.0044024587
C(C1=CC=CC=C1)(C2=CC=CC=C2)CCNC3=C4OC=CC4=CC=C3,1.9445962,1.8964442,-0.04815197
COC1=CC=C(C=N1)CNC2=CC=C(N=C2)Cl,-0.59482634,-0.38022938,0.21459696
COC(=O)c1ccc(NCC(C)C)nc1,-1.5749543,-0.47874007,1.0962142
O=C(C1=CC=CC(NC2=CC3=C(C=C2)C4=C(C=CC=C4)C(C)3C)=C1)OCC,2.1228013,1.9641885,-0.15861285
O=[N+](C1=CC(C2=CC=C(C)C=C2)=CC=C1N3CCCCC3)[O-],2.2119038,1.7540557,-0.45784807
COC1=NC=C(NC2CCCCC2)C=N1,-0.3275187,-0.8205429,-0.49302417
CCC(C=C1)=CC=C1NC2=CC=CC=C2,0.9644682,1.0068462,0.04237801
COC(=O)c1ccc(Nc2cncnc2C)nc1,-1.530403,-1.2521623,0.27824068
CC(C=C1)=CC=C1NC2=CC3=CC=CC=C3N=C2,0.20709656,-0.7290264,-0.93612295
[O-][N+](C(C=C1)=CN=C1NC(C=C2)=CC=C2C(C)C)=O,1.1872245,1.5032136,0.31598914
CN1CCCC1CCNC2=CC=C(C=C2)C(CC)=O,-1.4858518,-1.5664562,-0.080604434
COC(N=C1)=CC=C1NC2=CC(C(O)=O)=CC=C2,-0.72848016,-0.7307473,-0.0022671223
COC1=CC=C(OC)C(NC2=CC=C(C=C2C)C(OC)=O)=C1,1.0535707,0.86523956,-0.18833119
CN(N=C1)C=C1CN2CCC3=C2C=CC=C3,-0.72848016,-0.15448546,0.5739947
O=[N+]([O-])C1=CN=C(NCCC2=CC=CS2)C=C1C,0.4744042,0.12631357,-0.34809062
CCN1C(CNC(C=C2C)=CC=C2C#N)CCC1,-1.5749543,-1.1820741,0.3928802
CC(C)S(=O)(=O)c1ccccc1Nc1ccc(cc1C)C(C)=O,0.69716054,0.3815149,-0.31564564
COCCCNC1=C(N(=O)=O)C=CC(OC)=N1,0.4744042,0.09140121,-0.38300297
COc1ccc(OC)c(Nc2ccsc2)c1,0.83081436,0.59393066,-0.2368837
C[C@H](C1=C2C=CC=CC2=CC=C1)NC(NC3=CC(C)=CC(C)=C3)=O,1.0090195,0.79503065,-0.21398884
CC(C1=CC=C(CC2CCCC2=O)C=C1)C(OCCn3cncc3)=O,-1.2185441,-0.90341413,0.31513
CC1=C(C)C(NC2=CC=CC(OC(C)C)=C2)=CC=C1,1.766391,1.4519016,-0.31448948
COC1=CC=C(C=C1OC)NC2=CC=CC=C2F,0.4744042,0.14509654,-0.32930765
CC(C=C1)=CC=C1NC(C=N2)=CC=C2OCC,0.9199169,0.77382094,-0.14609599
COC(N=C1)=CC=C1NC2=CC(F)=CC(F)=C2,0.25164783,0.2408987,-0.010749131
OCc1ccc(Nc2cc(ccn2)C#N)cc1,-1.0403391,-0.88388795,0.15645117
COC1=CC(OC)=CC(NC(C=C2)=CC=C2C(OC)=O)=C1,0.5635067,0.6000325,0.036525786
O=[N+]([O-])C1=CC=CC=C1N(CC2)CCC2N3CCCCC3,-1.4413005,-0.8939056,0.54739493
Cc1ccc(Nc2cccc(C)n2)c(C)c1,-1.0403391,-1.3358737,-0.2955346
CC1=CC(NC2=CC=C3N=CC=NC3=C2)=CS1,0.07344274,-1.0086364,-1.082079
CC(C1=CC=CC=C1NCC(C2=CC=CC=C2)C3=CC=CC=C3)=O,1.7218398,1.3004514,-0.4213884
FC(F)(F)C1=CC(N2C=C(N=C2)C)=CC(NC3=CC=C(C(C)=O)C=C3)=C1,-0.862134,-0.5351918,0.3269422
O=[N+]([O-])C1=CC=C(N(C2CCCCC2)C)N=C1C,1.6772885,1.7673336,0.090045094
BrC(C=C1C)=CC=C1CNC(C=C2)=CC=C2C(C)=O,1.0090195,0.9412927,-0.06772679
FC(F)(C1=C(NC(N2C(C=CC=C3)=C3OCC2)=O)C=CC=C1)F,0.7862631,0.4929993,-0.29326382
COC1=NC(N2CC3=CC=CC=C3CC2)=C(N(=O)=O)C=C1,1.3654296,0.8289617,-0.53646797
O=C(C1=CC=CC(NC2=NC=CC=C2)=C1)OCC,-0.90668523,-0.8335573,0.073127925
CN(C(C=C1C)=C(C=C1[N+]([O-])=O)[N+]([O-])=O)CC2=CC=C(C=C2)OC,0.2961991,0.5800574,0.28385827
CC(=O)c1cccc(Nc2ccc3-c4ccccc4C(C)(C)c3c2)c1,1.4990834,1.5150151,0.015931726
COC1=CN=C(C=C1)CNCC2=CC=C(F)C=C2,-1.4413005,-1.2406725,0.20062804
COC(N=C1)=CC=C1NC(C=C2)=CC=C2CO,-1.1739929,-1.2135283,-0.039535403
O=C(C1=CC=C(C=C1)NC(NC2=CC=C(C=C2)OC3=CC=CC=C3)=O)OC,0.83081436,0.81659734,-0.014217019
CC(C=CC1=CC=C2)=NC1=C2NC(C=C3)=CC4=C3NN=C4C,0.2961991,-0.9838946,-1.2800937
Cc1cc(NCC2CC2)nc2ccccc12,-1.4858518,-1.2587782,0.22707355
CC1=CC(C)=NC(NC(O2)=CC=C2C=O)=N1,-0.46117252,-1.0331503,-0.5719778
O=C(OCC)C1=C(NC2=CC([N+]([O-])=O)=CC([N+]([O-])=O)=C2)C=CC(C)=C1,1.7218398,0.3700903,-1.3517494
CCOC1=CC=C(NC2=NC=CC=C2)C=N1,-2.1095695,-1.2274064,0.88216317
COC1=CC(OC)=CC(NC2=NC3=CC=CC=C3O2)=C1,0.4744042,0.25801915,-0.21638504
CC(C)C1=CC=CC=C1NC(NC2=CC=C(N3N=CC=C3)C=C2)=O,0.4298529,0.5052785,0.075425625
COC1=CC=C(NC2=CC=C3N=CC=CC3=C2)C=C1,-1.0403391,-1.029784,0.010555148
CCOC1=CC2=CC=C(NC3=NC=CC=C3)C=C2C=C1,-0.9957878,-0.983041,0.012746811
O=C(NC1CN(C(C2=CC=CC=C2)C3=CC=CC=C3)C1)NC4=CC(F)=CC=C4F,-0.46117252,0.2640417,0.72521424
COC(N=C1)=CC=C1NC2=CC(C(F)(F)F)=CC(C(F)(F)F)=C2,1.2763271,1.0446297,-0.23169744
COC(=O)c1cc(F)ccc1Nc1ccsc1,1.3654296,0.76817095,-0.5972587
CC1=CC(NC2=CC=CN=C2OC)=CC=C1OC,0.83081436,-0.043990303,-0.8748047
FC1=CC=C(CN2CC(OCC2)CNCC3=CC=CC(OC4=CC=CC=C4)=C3)C=C1,-1.1739929,-0.5613947,0.6125982
CC1=CC=C(C=C1)CNC(C=C2C)=CC=C2C#N,0.6526093,0.80934066,0.15673137
O=[N+]([O-])C1=CC=C(NC2CCN(CC2)CC3=CC=CC=C3)C=C1,-0.9957878,-1.0447512,-0.048963368
CN(CC1CCCC1)C2=NC=CC=C2,-1.1739929,0.21223453,1.3862274
Cc1ccc(Nc2ccnc(C)c2)nc1,-1.9313645,-2.3652346,-0.43387008
CN(C(NC1=CC=CC=C1OC)=O)C2=CC=CC=C2,0.38530165,0.08414879,-0.30115286
FC1=CC=CN=C1CNC(C(C)=NO2)=C2C,-0.9957878,-0.62232864,0.37345916
C#CC(C=C1)=CC=C1CN2C3=CC=CC=C3CCC2C,1.9076613,1.8359789,-0.07168245
O=C(OC)C1=CC=NC(NC2=CC=C(OC)C(F)=C2)=C1,-0.104762346,-0.2040059,-0.09924355
CC1=CN=C(NC2CCC2)N=C1,-1.5749543,-1.7691951,-0.19424081
O=[N+]([O-])C1=CC=CC2=C1NN=C2C3=CC=C(C(F)=C3)OC,0.38530165,0.22096628,-0.16433537
C(Nc1cnc2ccnn2c1)C1CCCCC1,-1.2185441,-0.97303784,0.24550629
[O-][N+](=O)c1ccc(Nc2ccc3ccccc3n2)nc1,-1.0403391,-0.35378498,0.68655413
FC(F)(F)C(C=C1C)=CC=C1NC2=NC=CN=C2,0.5635067,0.18348584,-0.3800209
CC(C=C1C)=CC=C1NC2=CC(C)=C(F)C(C)=C2,1.9967701,1.6824298,-0.31434035
CC1=NC=CC(NC2=CC=C(C3=CC=CC=C3)C=C2)=C1,-0.5502751,-1.0425215,-0.4922464
CC(C)CNC1=CC=C(C#N)C=C1,0.5635067,0.010813706,-0.552693
C(Nc1ccc2cnccc2c1)C1CC1,-1.5749543,-1.4446245,0.13032973
O=C1OCC(N1C(NC2=CC=CC(Cl)=C2)=O)C3=CC=CC=C3,0.9199169,0.34657794,-0.573339
COC1=CC=C(C=C1)CNC2=NC=CC(C)=N2,-0.6839289,-1.0580093,-0.37408036
[O-][N+](C(C=C1)=CC2=C1NC=C2CNC3=CC=C(N4C=CN=C4C)C=C3)=O,-0.8175827,-1.5541406,-0.73655784
O=C(C1=CC=NC=C1NC2=CC(C(OCC)=O)=CC=C2)OC,0.4298529,-0.4210874,-0.85094035
COC1=CC2=CC=C(NC3=CC=NC=C3)C=C2C=C1,-1.530403,-1.2862338,0.24416924
CC1=C([N+]([O-])=O)C(NC(C=C2)=NC=C2C)=NC=C1,-1.4413005,-0.8438929,0.59740764
CC(=O)c1cccc(Nc2ccccc2C(=O)c2ccccc2)c1,1.3208784,1.1753069,-0.14557147
CCN1C(CNC(C=C2C)=NC=C2[N+]([O-])=O)CCC1,-1.5749543,-1.581837,-0.0068827868
CC(C=C1C)=CC=C1NC(C=C2)=CC=C2C(C)=O,0.5635067,0.83364266,0.27013594
CC1=CC=CC(NC2=CC(OC)=CC(OC)=C2)=N1,-1.2185441,-1.1193141,0.09923005
CC(C=C1)=CC=C1NC2=CC=C(C=C2)C(C)=O,0.6526093,0.5594352,-0.0931741
O=[N+](C1=C(NC2=CC=C(C=C2C)C(OC)=O)C=CN=C1)[O-],-0.6839289,-0.31368136,0.37024754
COC(=O)c1ccc(Nc2nccc(C)n2)cc1F,0.028891468,0.00024040043,-0.028651068
IC(C=C1)=CC=C1NC(NC2=CC(C(F)(F)F)=CC=C2OC)=O,1.3654296,0.8324861,-0.53294355
ClC1=CC(CNC(NC2=CC(C)=CC(C)=C2)=O)=CC=C1OC,0.608058,0.33567116,-0.27238682
COC(=O)c1ccncc1Nc1ccc(cn1)C#N,-0.5502751,-0.6686618,-0.118386686
FC1=CC=C(C=C1)CN2CC(CNC(NC3=C(C=CC=C3Cl)F)=O)OCC2,-1.2185441,-0.7870993,0.43144482
COc1ccc(Nc2ccc(CO)cc2)cc1,-0.5057238,-0.7370515,-0.23132771
CC(C)C1=CC=C(NC2=NC=CC=C2)C=C1,-0.90668523,-1.067031,-0.1603458
N#CC1=CC=C(NCCC2=CC=CS2)C=C1C,0.51895547,0.62402374,0.10506827
O=C(C1=CC=CC=C1)C2=CC=CC=C2C3=CC(OC)=CC=C3OC,1.098122,1.1019489,0.0038268566
CCOC(C=C1)=CC=C1NC(NC2=CC=CC(Cl)=C2)=O,0.6526093,0.5312887,-0.121320605
COC1=CC(CNC2=CC=CC=C2)=NC=C1,-1.8868133,-1.0925511,0.7942622
Cc1ccc(Nc2cncnc2C)c(C)c1,-0.3275187,-0.4128209,-0.085302204
CC(C1=CC=C(NCCN2CCOCC2)C(C(F)(F)F)=C1)=O,-1.4858518,-0.90151626,0.5843355
CC1=CC(NC2=CC=CC=C2)=NC=C1,-2.0650184,-1.5477592,0.51725924
CSc1ccc(Nc2ccc3oc(=O)ccc3c2)cc1,0.4744042,0.43528077,-0.039123416
COC(C=C1)=CC=C1NC2=CC=CC(Cl)=N2,0.6526093,0.23428527,-0.41832402
O=[N+]([O-])C1=CN=C(NC2=CC=C(C=C2)CC)C(C)=C1,1.2763271,1.1153331,-0.16099405
COC1=CC=C(C=C1OC)NC(C=C2)=NN2C,-0.862134,-1.2228612,-0.3607272
O=C(C1=CC(C)=CC=C1NC2=CC=C(C=C2)C(C)=O)O,0.20709656,0.12612876,-0.0809678
CN1C=CC(CNC2=CC=CC=C2)=N1,-1.0848904,-1.4846299,-0.3997395
O=C(C1=NC(C2=CC=CC=C2)=CC=C1)OCC(CC3)CCN3C(OCC4=CC=CC=C4)=O,1.3654296,1.2874876,-0.077942014
CCOC1=NC=CC(NC2=CC=C(C(C)(C)C)C=C2)=C1,-0.5502751,1.4647995,2.0150747
CN(C1=C(N(=O)=O)C=CC(OC)=N1)CC2=CC=C(C=C2)OC,1.1872245,0.82476413,-0.36246037
COc1ccc(Nc2ccccc2C)cc1C,1.4099809,1.1073974,-0.30258346
CC1=NC=CC=C1NC2=CC=CC(C3=CC=CC=C3)=C2,-0.9957878,-0.88519293,0.11059487
O=CC1=CC=C(N2CCCC3=CC=CC=C23)C=C1,0.9199169,0.89853394,-0.021382987
Cc1ccccc1Nc1ccc2OCCOc2c1,0.9199169,0.79304093,-0.126876
COC(C=C1)=CC=C1NC2=CC=C(C(C)=O)C=C2,0.07344274,-0.049671724,-0.12311447
COc1ccc(Nc2ccc3-c4ccccc4C(C)(C)c3c2)cn1,1.588186,1.1993333,-0.38885272
CC1=CC(NC(NC2=CC=NC=C2)=O)=CC=C1,-1.5749543,-1.4406916,0.13426268
COC1=CC=C(CNC(NCCOC2=CC=CC=C2)=O)C=C1,-0.060211077,-0.5810632,-0.52085215
CN1C(CNC2=CC(C(OCC)=O)=CC=C2)=NC3=CC=CC=C13,-0.8175827,-0.7688258,0.048756897
O=C(OC)C1=NC=CC(NC(C=C2)=CC(OC)=C2C=O)=C1,-1.8422619,-0.99000347,0.85225844
CC(C1=CC=C(NCCC2=CC=CS2)C(C(F)(F)F)=C1)=O,0.9199169,1.2179221,0.29800516
Cc1cc(F)ccc1Nc1ccc(cc1C)C(F)(F)F,1.9000449,1.5729184,-0.3271265
COc1ccc(OC)c(Nc2ccc(s2)C(C)=O)c1,0.028891468,0.06753334,0.03864187
COC1=CC=C(OC)C(NC2=CC=NC=C2)=C1,-2.020467,-1.4969438,0.5235232
FC(F)(F)C1=NC=CC(NC(C=C2)=NC=C2C#N)=C1,-0.1121387,0.13909352,0.2512322
CC(C)(C)C1=CC=C(NC2=CC=C3N=CC=NC3=C2)C=C1,0.9644682,0.44295755,-0.5215106
O=C(C1=CC=C(C=C1)NC(N2CC3=CC=CC=C3CC2)=O)OC,0.25164783,-0.034983512,-0.28663135
CC1=CC=CN=C1NC(C=C2)=CC(C3=C4C=CC=C3)=C2N4CC,-0.46117252,-0.43779835,0.02337417
Cc1cnc(Nc2ccc(O)c(C)c2)nc1,-1.1294416,-1.6396334,-0.5101918
COC1CCN(C(C(N(=O)=O)=C2)=CC=C2C(OCC)=O)CC1,0.7862631,-0.08674509,-0.8730082
COC1=CC=C(C=C1OC)NC2=CN3C(C=C2)=NC=N3,-1.3076466,-1.1742707,0.13337588
CN1CCCC1CCNC(C=C2C(F)(F)F)=CC=C2C#N,-1.0848904,-0.82562596,0.2592644
CC(C=C1C)=CC=C1NC(C=C2)=NC=C2C#N,0.422514,0.5188645,0.09635052
C#CC(C=C1)=CC=C1NC(C=C2)=CN=C2OC,0.16254528,-0.19085221,-0.3533975
ClC(C=CC=C1)=C1CNC2=CC=CC=C2,1.1872245,1.1733803,-0.013844252
CC(=O)c1ccc(cc1)N1CCCC1,0.11799401,-0.1590023,-0.2769963
C1(CNC2=CC=C(C=C2)OCC3=CC=CC=C3)=CC4=C(C=C1)OCO4,0.75295925,0.8856631,0.13270384
CCN1C(CNC(C=C2)=NC=C2C(F)(F)F)CCC1,-1.0848904,-0.9894317,0.09545869
CC(=O)c1cccc(Nc2ccc(cc2)C#N)c1,0.028891468,0.26607248,0.23718101
COc1ccc(Nc2ccc(F)cc2C)cn1,0.51895547,0.42708632,-0.091869146
O=[N+]([O-])C1=CC(C)=CC(NCCC(C2=CC=CC=C2)C3=CC=CC=C3)=C1,1.9445962,2.0866883,0.14209211
O=C(C1=NC=C(C(F)(F)F)C=C1)OCC2CCCC2,1.1426733,1.2748402,0.13216698
O=C(C1=CC(F)=CC=C1NC2=CC=C(S2)C(C)=O)OC,0.7862631,0.6207572,-0.16550589
CCN1CCN(C2=C(N(=O)=O)C=CC(C(F)(F)F)=C2)CC1,-0.9957878,-0.66047674,0.33531106
COc1ccnc(Nc2ccc(C)c(I)c2)c1,-0.9512365,0.647339,1.5985755
CC1=NC=CC=C1NC2=CC=C(OC3=CC=CC=C3)C=C2,-1.0403391,-0.59256536,0.44777375
CC(N=C1C)=CC=C1NC2=CC(F)=C(F)C=C2C#N,-1.6640569,-0.45992512,1.2041318
C1(NC2=CSC=C2)=CC=CN3C1=NC=C3,-1.6195056,-1.3704879,0.24901772
CC(C1=NC=C(NC2=CC3=C(OCO3)C=C2)C=C1)=O,-0.6839289,-1.213949,-0.53002006
CC1=CC(NCCOCC2=CC=CC=C2)=C(C=C1[N+]([O-])=O)[N+]([O-])=O,1.1872245,0.5782081,-0.6090164
O=C(C1=CC=C(C(F)(F)F)C=C1)NC(C=C2OC)=C(OC)C=C2C=O,1.0128602,0.23366988,-0.7791903
FC1=CC(F)=CC(NC(NC(C=C2)=CC=C2C(C)=O)=O)=C1,0.25164783,-0.08783759,-0.3394854
C=CC1=CC=C(C=C1)NC(NC2=C(C(Cl)=CC=C2)F)=O,1.0090195,0.72361183,-0.28540766
COC1=NC(NCCCN2C=CN=C2)=C(N(=O)=O)C=C1,-1.530403,-0.42666396,1.103739
CN1C=CN=C1CNC2=CC=CC(CC)=C2,-1.1739929,-1.3406128,-0.1666199
CC(C)(OC(NC1CCN(C(C=C2)=CC=C2[N+]([O-])=O)CC1)=O)C,0.7417118,0.45708475,-0.28462705
COC(N=C1)=CC=C1NC2=CC(F)=CC=C2,0.38530165,0.19125018,-0.19405147
CC(C1=CC=C(NCC2CCOCC2)C=C1)=O,-0.6393776,-0.7585446,-0.11916703
Cc1ccccc1Nc1cncc2ccccc12,-1.0403391,-0.87976676,0.16057235
[O-][N+](C(C=C1)=CC=C1NCC2=NC3=CC=CC=C3C=C2)=O,0.16254528,-0.5123575,-0.67490274
COC(=O)c1ccc(NCC2CC2)nc1,-1.8422619,-1.0015246,0.84073734
O=C(C1=CC=C(C=C1F)NC2=CC(CO)=CC(C(F)(F)F)=C2)OC,0.2961991,0.20059314,-0.09560597
CN1C=C(C=N1)NC2=CC=C(OC)C=C2,-1.0403391,-0.9044396,0.13589948
FC(F)(C1)CC1NC2=NC(OC)=NC(OC)=N2,-0.37206998,-0.06396168,0.3081083
FC(F)(F)C1=CC=C(C=C1)CN(C2=CC=CC=C2)C,1.6327373,1.7370294,0.104292154
CC1=C(C)C(NC2=CC=C(F)C=C2)=CC=C1,1.3654296,1.1599874,-0.20544219
COC1=CC(NC(NC2=CC=C(C#N)C=C2)=O)=CC=C1,-0.060211077,0.04931406,0.10952514
CSC1=CC(NCC2=NC=CC=C2)=CC=C1,-0.90668523,-1.0338086,-0.12712336
N#CC1=CC=C(C=C1NC2CCN(CC2)CC3=CC=CC=C3)C(F)(F)F,-0.46117252,-0.7290315,-0.26785898
Fc1ccnc(Nc2ccc3nccnc3c2)c1,-0.90668523,-1.2119974,-0.30531216
Cc1cc(C)nc(Nc2ccccc2)c1,-1.6640569,-1.4944578,0.16959906
Cc1cc(Nc2cccn3ccnc23)cc(c1)[N+]([O-])=O,-1.2630954,0.21140721,1.4745026
CCN(C(C=C1C)=NC=C1[N+]([O-])=O)CC2=CC=CC=C2,1.3654296,1.0019946,-0.36343503
FC1=NC=C(NC2=CC=CC=C2OCCCC)C=C1,1.2763271,0.94708043,-0.3292467
COC(=O)c1ccc(Nc2ccccc2)cc1F,0.608058,0.73561317,0.12755519
O=C(O)C1=CC(C(F)(F)F)=CC(NC2=CC=C3N=CC=CC3=C2)=C1,-0.7730314,0.31754303,1.0905745
Cc1cc(F)ccc1Nc1ccc(cn1)[N+]([O-])=O,0.34075037,0.50131226,0.16056189
COC(=O)c1ccccc1Nc1ccc2ncccc2c1,-0.28296745,-1.1670648,-0.88409734
CC(C1=CC=CC(NC2=CC=CC=C2)=C1)=O,0.4744042,0.26840225,-0.20600194
[O-][N+](C(C=C1)=CN=C1NC2=CC(C(F)(F)F)=CC(C(F)(F)F)=C2)=O,1.4545321,1.3286129,-0.12591922
CC(C=C1)=CC=C1NC(C=C2)=CC3=C2CCC3=O,0.16254528,0.7452474,0.58270216
CC(NC1=CC2=C(C=C1)C3=C(C=CC=C3)C(C)2C)=O,0.5635067,0.39455822,-0.1689485
CC(C=C1)=CN=C1NC2=C3N=CC=CC3=CC=C2,-0.8175827,-1.9783605,-1.1607778
[O-][N+](C(C=C1)=CN=C1NC(N=C2)=CN=C2Cl)=O,0.25164783,-0.120570384,-0.37221822
CC1=CC(NC2=CC=C(F)C(C#N)=C2)=C(C=C1)Br,1.2838994,1.3320011,0.048101664
[O-][N+](C(C=C1)=CN=C1NC2=CN=CC(C(C)=O)=C2)=O,-1.2185441,-0.547954,0.6705901
O=C(NC1CN(C(C2=CC=CC=C2)C3=CC=CC=C3)C1)NC4=C(C=CC=C4Cl)F,-0.6393776,0.44351706,1.0828947
CSC1=CC(NC2=CN=CC(C(OC)=O)=N2)=CC=C1,-0.104762346,0.2753789,0.38014126
CC1=CC=C(C=C1)NCC2=CC=CC=C2,0.6526093,0.6860492,0.033439934
O=C(NC1=CC=CC=C1)NC2=CC=C(C#N)C=C2,-0.060211077,-0.032569043,0.027642034
CC1=CC(NCC2CCOCC2)=C(C=C1[N+]([O-])=O)[N+]([O-])=O,0.5635067,0.15967986,-0.40382686
CC1=CC=C(C=C1)CNC(C(C(F)(F)F)=C2)=CC=C2C(C)=O,1.0535707,1.1380204,0.08444965
CN1C=CC(NC(NC2=CC=CC=C2OC)=O)=N1,-0.5502751,-0.9835138,-0.4332387
COC1=CC(OC)=CC(NC2=NC3=CC=CC=C3N2)=C1,-1.2185441,-0.98429114,0.23425299
CC(C1=CC(NC2=CC=CN=C2C)=CC=C1)C,-0.862134,-0.8591816,0.0029523969
CC(C=C1)=CC=C1CNC2=CC=C([N+]([O-])=O)C=C2C,1.098122,0.860141,-0.23798102
CC1=CC(NC(NC2=CC=CC=C2F)=O)=NO1,-0.28296745,-0.073627174,0.20934027
CC(=O)NC1=CC=C(C=O)C=C1,-1.7977107,-1.6044297,0.19328094
COC(C1=CC=CC=C1NC2=CN=CC3=C2C=CC=C3)=O,-0.3275187,-0.42267337,-0.09515467
FC(C=C1)=CC=C1NC2=NC(OC)=NC(OC)=N2,-0.015659804,-0.18869786,-0.17303805
CC(C1=CC(C)=C(NC2=NC(C)=CC(C)=C2)C=C1)=O,-1.530403,-0.92351156,0.60689145
CN(C1=CC=C([N+]([O-])=O)C(OC)=C1)CC2=CC=CC=C2,0.38530165,0.6843136,0.29901195
COC1=NC(NC2=CC=C3CCCC3=C2)=NC(OC)=N1,0.69716054,0.044776745,-0.6523838
CC(=O)c1ccc(NCC23CC4CC(CC(C4)C2)C3)c(C)c1,2.1673524,1.3192673,-0.84808517
CN(C(C=C(C#N)C=C1)=C1C(OC)=O)CC2=CC=CC=C2,0.9644682,0.89618033,-0.06828785
CC(NC1=C2OC=CC2=CC=C1)=O,-1.3076466,-1.4621924,-0.15454578
FC1=CC=CN=C1CNC(C=C2)=NC=C2C(OC)=O,-0.9512365,-0.7665972,0.18463928
C=CC1=CC=C(C=C1)NC(N=C2)=CN=C2Cl,0.83081436,0.2376481,-0.59316623
